
> marketplace3@0.1.0 start
> PORT=3300 react-app-rewired start

(node:169142) [DEP_WEBPACK_DEV_SERVER_ON_AFTER_SETUP_MIDDLEWARE] DeprecationWarning: 'onAfterSetupMiddleware' option is deprecated. Please use the 'setupMiddlewares' option.
(Use `node --trace-deprecation ...` to show where the warning was created)
(node:169142) [DEP_WEBPACK_DEV_SERVER_ON_BEFORE_SETUP_MIDDLEWARE] DeprecationWarning: 'onBeforeSetupMiddleware' option is deprecated. Please use the 'setupMiddlewares' option.
Starting the development server...

Compiled successfully!

You can now view marketplace3 in the browser.

  http://localhost:3300

Note that the development build is not optimized.
To create a production build, use npm run build.

webpack compiled successfully

> marketplace3@0.1.0 start
> PORT=3300 react-app-rewired start

(node:170106) [DEP_WEBPACK_DEV_SERVER_ON_AFTER_SETUP_MIDDLEWARE] DeprecationWarning: 'onAfterSetupMiddleware' option is deprecated. Please use the 'setupMiddlewares' option.
(Use `node --trace-deprecation ...` to show where the warning was created)
(node:170106) [DEP_WEBPACK_DEV_SERVER_ON_BEFORE_SETUP_MIDDLEWARE] DeprecationWarning: 'onBeforeSetupMiddleware' option is deprecated. Please use the 'setupMiddlewares' option.
Starting the development server...

Compiled successfully!

You can now view marketplace3 in the browser.

  http://localhost:3300

Note that the development build is not optimized.
To create a production build, use npm run build.

webpack compiled successfully
Compiling...
Compiled successfully!
webpack compiled successfully
Compiling...
Compiled successfully!
webpack compiled successfully
Compiling...
Compiled successfully!
webpack compiled successfully
Compiling...
Compiled with warnings.

[eslint] 
src/components/NFTpage.js
  Line 6:27:    'Building' is defined but never used                                                                                  no-unused-vars
  Line 6:47:    'ShieldCheck' is defined but never used                                                                               no-unused-vars
  Line 6:60:    'TrendingUp' is defined but never used                                                                                no-unused-vars
  Line 6:150:   'DollarSign' is defined but never used                                                                                no-unused-vars
  Line 6:171:   'UserCheck' is defined but never used                                                                                 no-unused-vars
  Line 10:8:    'WalletBalance' is defined but never used                                                                             no-unused-vars
  Line 38:8:    React Hook useEffect has a missing dependency: 'fetchPropertyData'. Either include it or remove the dependency array  react-hooks/exhaustive-deps
  Line 479:19:  'approveReceipt' is assigned a value but never used                                                                   no-unused-vars
  Line 486:19:  'buyReceipt' is assigned a value but never used                                                                       no-unused-vars
  Line 813:45:  <iframe> elements must have a unique title property                                                                   jsx-a11y/iframe-has-title

Search for the keywords to learn more about each warning.
To ignore, add // eslint-disable-next-line to the line before.

WARNING in [eslint] 
src/components/NFTpage.js
  Line 6:27:    'Building' is defined but never used                                                                                  no-unused-vars
  Line 6:47:    'ShieldCheck' is defined but never used                                                                               no-unused-vars
  Line 6:60:    'TrendingUp' is defined but never used                                                                                no-unused-vars
  Line 6:150:   'DollarSign' is defined but never used                                                                                no-unused-vars
  Line 6:171:   'UserCheck' is defined but never used                                                                                 no-unused-vars
  Line 10:8:    'WalletBalance' is defined but never used                                                                             no-unused-vars
  Line 38:8:    React Hook useEffect has a missing dependency: 'fetchPropertyData'. Either include it or remove the dependency array  react-hooks/exhaustive-deps
  Line 479:19:  'approveReceipt' is assigned a value but never used                                                                   no-unused-vars
  Line 486:19:  'buyReceipt' is assigned a value but never used                                                                       no-unused-vars
  Line 813:45:  <iframe> elements must have a unique title property                                                                   jsx-a11y/iframe-has-title

webpack compiled with 1 warning
Compiling...
Compiled with warnings.

[eslint] 
src/components/NFTpage.js
  Line 6:27:    'Building' is defined but never used                                                                                  no-unused-vars
  Line 6:47:    'ShieldCheck' is defined but never used                                                                               no-unused-vars
  Line 6:60:    'TrendingUp' is defined but never used                                                                                no-unused-vars
  Line 6:150:   'DollarSign' is defined but never used                                                                                no-unused-vars
  Line 6:171:   'UserCheck' is defined but never used                                                                                 no-unused-vars
  Line 10:8:    'WalletBalance' is defined but never used                                                                             no-unused-vars
  Line 38:8:    React Hook useEffect has a missing dependency: 'fetchPropertyData'. Either include it or remove the dependency array  react-hooks/exhaustive-deps
  Line 479:19:  'approveReceipt' is assigned a value but never used                                                                   no-unused-vars
  Line 486:19:  'buyReceipt' is assigned a value but never used                                                                       no-unused-vars
  Line 813:45:  <iframe> elements must have a unique title property                                                                   jsx-a11y/iframe-has-title

Search for the keywords to learn more about each warning.
To ignore, add // eslint-disable-next-line to the line before.

WARNING in [eslint] 
src/components/NFTpage.js
  Line 6:27:    'Building' is defined but never used                                                                                  no-unused-vars
  Line 6:47:    'ShieldCheck' is defined but never used                                                                               no-unused-vars
  Line 6:60:    'TrendingUp' is defined but never used                                                                                no-unused-vars
  Line 6:150:   'DollarSign' is defined but never used                                                                                no-unused-vars
  Line 6:171:   'UserCheck' is defined but never used                                                                                 no-unused-vars
  Line 10:8:    'WalletBalance' is defined but never used                                                                             no-unused-vars
  Line 38:8:    React Hook useEffect has a missing dependency: 'fetchPropertyData'. Either include it or remove the dependency array  react-hooks/exhaustive-deps
  Line 479:19:  'approveReceipt' is assigned a value but never used                                                                   no-unused-vars
  Line 486:19:  'buyReceipt' is assigned a value but never used                                                                       no-unused-vars
  Line 813:45:  <iframe> elements must have a unique title property                                                                   jsx-a11y/iframe-has-title

webpack compiled with 1 warning
Compiling...
Failed to compile.

[eslint] 
src/components/NFTpage.js
Syntax error: Missing catch or finally clause. (66:8) (66:8)
ERROR in ./src/components/NFTpage.js
Module build failed (from ./node_modules/babel-loader/lib/index.js):
SyntaxError: /opt/facebrick/src/components/NFTpage.js: Missing catch or finally clause. (66:8)

  64 |     async function fetchPropertyData() {
  65 |         setLoading(true);
> 66 |         try {
     |         ^
  67 |             // Connect to blockchain - use Brave-compatible provider for read-only access
  68 |             // This allows viewing property data without connecting wallet
  69 |             let provider;
    at constructor (/opt/facebrick/node_modules/@babel/parser/lib/index.js:367:19)
    at FlowParserMixin.raise (/opt/facebrick/node_modules/@babel/parser/lib/index.js:6624:19)
    at FlowParserMixin.parseTryStatement (/opt/facebrick/node_modules/@babel/parser/lib/index.js:13300:12)
    at FlowParserMixin.parseStatementContent (/opt/facebrick/node_modules/@babel/parser/lib/index.js:12880:21)
    at FlowParserMixin.parseStatementLike (/opt/facebrick/node_modules/@babel/parser/lib/index.js:12843:17)
    at FlowParserMixin.parseStatementLike (/opt/facebrick/node_modules/@babel/parser/lib/index.js:2945:24)
    at FlowParserMixin.parseStatementListItem (/opt/facebrick/node_modules/@babel/parser/lib/index.js:12823:17)
    at FlowParserMixin.parseBlockOrModuleBlockBody (/opt/facebrick/node_modules/@babel/parser/lib/index.js:13392:61)
    at FlowParserMixin.parseBlockBody (/opt/facebrick/node_modules/@babel/parser/lib/index.js:13385:10)
    at FlowParserMixin.parseBlock (/opt/facebrick/node_modules/@babel/parser/lib/index.js:13373:10)
    at FlowParserMixin.parseFunctionBody (/opt/facebrick/node_modules/@babel/parser/lib/index.js:12174:24)
    at FlowParserMixin.parseFunctionBody (/opt/facebrick/node_modules/@babel/parser/lib/index.js:2922:11)
    at FlowParserMixin.parseFunctionBodyAndFinish (/opt/facebrick/node_modules/@babel/parser/lib/index.js:12160:10)
    at FlowParserMixin.parseFunctionBodyAndFinish (/opt/facebrick/node_modules/@babel/parser/lib/index.js:2930:18)
    at /opt/facebrick/node_modules/@babel/parser/lib/index.js:13521:12
    at FlowParserMixin.withSmartMixTopicForbiddingContext (/opt/facebrick/node_modules/@babel/parser/lib/index.js:12477:14)
    at FlowParserMixin.parseFunction (/opt/facebrick/node_modules/@babel/parser/lib/index.js:13520:10)
    at FlowParserMixin.parseFunctionStatement (/opt/facebrick/node_modules/@babel/parser/lib/index.js:13201:17)
    at FlowParserMixin.parseStatementContent (/opt/facebrick/node_modules/@babel/parser/lib/index.js:12966:25)
    at FlowParserMixin.parseStatementLike (/opt/facebrick/node_modules/@babel/parser/lib/index.js:12843:17)
    at FlowParserMixin.parseStatementLike (/opt/facebrick/node_modules/@babel/parser/lib/index.js:2945:24)
    at FlowParserMixin.parseStatementListItem (/opt/facebrick/node_modules/@babel/parser/lib/index.js:12823:17)
    at FlowParserMixin.parseBlockOrModuleBlockBody (/opt/facebrick/node_modules/@babel/parser/lib/index.js:13392:61)
    at FlowParserMixin.parseBlockBody (/opt/facebrick/node_modules/@babel/parser/lib/index.js:13385:10)
    at FlowParserMixin.parseBlock (/opt/facebrick/node_modules/@babel/parser/lib/index.js:13373:10)
    at FlowParserMixin.parseFunctionBody (/opt/facebrick/node_modules/@babel/parser/lib/index.js:12174:24)
    at FlowParserMixin.parseFunctionBody (/opt/facebrick/node_modules/@babel/parser/lib/index.js:2922:11)
    at FlowParserMixin.parseFunctionBodyAndFinish (/opt/facebrick/node_modules/@babel/parser/lib/index.js:12160:10)
    at FlowParserMixin.parseFunctionBodyAndFinish (/opt/facebrick/node_modules/@babel/parser/lib/index.js:2930:18)
    at /opt/facebrick/node_modules/@babel/parser/lib/index.js:13521:12
    at FlowParserMixin.withSmartMixTopicForbiddingContext (/opt/facebrick/node_modules/@babel/parser/lib/index.js:12477:14)
    at FlowParserMixin.parseFunction (/opt/facebrick/node_modules/@babel/parser/lib/index.js:13520:10)
    at FlowParserMixin.parseExportDefaultExpression (/opt/facebrick/node_modules/@babel/parser/lib/index.js:13983:19)
    at FlowParserMixin.parseExportDefaultExpression (/opt/facebrick/node_modules/@babel/parser/lib/index.js:2993:18)
    at FlowParserMixin.parseExport (/opt/facebrick/node_modules/@babel/parser/lib/index.js:13904:25)
    at FlowParserMixin.parseStatementContent (/opt/facebrick/node_modules/@babel/parser/lib/index.js:12954:27)
    at FlowParserMixin.parseStatementLike (/opt/facebrick/node_modules/@babel/parser/lib/index.js:12843:17)
    at FlowParserMixin.parseStatementLike (/opt/facebrick/node_modules/@babel/parser/lib/index.js:2945:24)
    at FlowParserMixin.parseModuleItem (/opt/facebrick/node_modules/@babel/parser/lib/index.js:12820:17)
    at FlowParserMixin.parseBlockOrModuleBlockBody (/opt/facebrick/node_modules/@babel/parser/lib/index.js:13392:36)
    at FlowParserMixin.parseBlockBody (/opt/facebrick/node_modules/@babel/parser/lib/index.js:13385:10)
    at FlowParserMixin.parseProgram (/opt/facebrick/node_modules/@babel/parser/lib/index.js:12698:10)
    at FlowParserMixin.parseTopLevel (/opt/facebrick/node_modules/@babel/parser/lib/index.js:12688:25)
    at FlowParserMixin.parseTopLevel (/opt/facebrick/node_modules/@babel/parser/lib/index.js:3714:28)
    at FlowParserMixin.parse (/opt/facebrick/node_modules/@babel/parser/lib/index.js:14568:25)
    at parse (/opt/facebrick/node_modules/@babel/parser/lib/index.js:14602:38)
    at parser (/opt/facebrick/node_modules/@babel/core/lib/parser/index.js:41:34)
    at parser.next (<anonymous>)
    at normalizeFile (/opt/facebrick/node_modules/@babel/core/lib/transformation/normalize-file.js:64:37)
    at normalizeFile.next (<anonymous>)

ERROR in [eslint] 
src/components/NFTpage.js
  Line 66:8:  Parsing error: Missing catch or finally clause. (66:8)

webpack compiled with 2 errors
Compiling...
Failed to compile.

[eslint] 
src/components/NFTpage.js
Syntax error: Missing catch or finally clause. (66:8) (66:8)
ERROR in ./src/components/NFTpage.js
Module build failed (from ./node_modules/babel-loader/lib/index.js):
SyntaxError: /opt/facebrick/src/components/NFTpage.js: Missing catch or finally clause. (66:8)

  64 |     async function fetchPropertyData() {
  65 |         setLoading(true);
> 66 |         try {
     |         ^
  67 |             // Connect to blockchain - use Brave-compatible provider for read-only access
  68 |             // This allows viewing property data without connecting wallet
  69 |             let provider;
    at constructor (/opt/facebrick/node_modules/@babel/parser/lib/index.js:367:19)
    at FlowParserMixin.raise (/opt/facebrick/node_modules/@babel/parser/lib/index.js:6624:19)
    at FlowParserMixin.parseTryStatement (/opt/facebrick/node_modules/@babel/parser/lib/index.js:13300:12)
    at FlowParserMixin.parseStatementContent (/opt/facebrick/node_modules/@babel/parser/lib/index.js:12880:21)
    at FlowParserMixin.parseStatementLike (/opt/facebrick/node_modules/@babel/parser/lib/index.js:12843:17)
    at FlowParserMixin.parseStatementLike (/opt/facebrick/node_modules/@babel/parser/lib/index.js:2945:24)
    at FlowParserMixin.parseStatementListItem (/opt/facebrick/node_modules/@babel/parser/lib/index.js:12823:17)
    at FlowParserMixin.parseBlockOrModuleBlockBody (/opt/facebrick/node_modules/@babel/parser/lib/index.js:13392:61)
    at FlowParserMixin.parseBlockBody (/opt/facebrick/node_modules/@babel/parser/lib/index.js:13385:10)
    at FlowParserMixin.parseBlock (/opt/facebrick/node_modules/@babel/parser/lib/index.js:13373:10)
    at FlowParserMixin.parseFunctionBody (/opt/facebrick/node_modules/@babel/parser/lib/index.js:12174:24)
    at FlowParserMixin.parseFunctionBody (/opt/facebrick/node_modules/@babel/parser/lib/index.js:2922:11)
    at FlowParserMixin.parseFunctionBodyAndFinish (/opt/facebrick/node_modules/@babel/parser/lib/index.js:12160:10)
    at FlowParserMixin.parseFunctionBodyAndFinish (/opt/facebrick/node_modules/@babel/parser/lib/index.js:2930:18)
    at /opt/facebrick/node_modules/@babel/parser/lib/index.js:13521:12
    at FlowParserMixin.withSmartMixTopicForbiddingContext (/opt/facebrick/node_modules/@babel/parser/lib/index.js:12477:14)
    at FlowParserMixin.parseFunction (/opt/facebrick/node_modules/@babel/parser/lib/index.js:13520:10)
    at FlowParserMixin.parseFunctionStatement (/opt/facebrick/node_modules/@babel/parser/lib/index.js:13201:17)
    at FlowParserMixin.parseStatementContent (/opt/facebrick/node_modules/@babel/parser/lib/index.js:12966:25)
    at FlowParserMixin.parseStatementLike (/opt/facebrick/node_modules/@babel/parser/lib/index.js:12843:17)
    at FlowParserMixin.parseStatementLike (/opt/facebrick/node_modules/@babel/parser/lib/index.js:2945:24)
    at FlowParserMixin.parseStatementListItem (/opt/facebrick/node_modules/@babel/parser/lib/index.js:12823:17)
    at FlowParserMixin.parseBlockOrModuleBlockBody (/opt/facebrick/node_modules/@babel/parser/lib/index.js:13392:61)
    at FlowParserMixin.parseBlockBody (/opt/facebrick/node_modules/@babel/parser/lib/index.js:13385:10)
    at FlowParserMixin.parseBlock (/opt/facebrick/node_modules/@babel/parser/lib/index.js:13373:10)
    at FlowParserMixin.parseFunctionBody (/opt/facebrick/node_modules/@babel/parser/lib/index.js:12174:24)
    at FlowParserMixin.parseFunctionBody (/opt/facebrick/node_modules/@babel/parser/lib/index.js:2922:11)
    at FlowParserMixin.parseFunctionBodyAndFinish (/opt/facebrick/node_modules/@babel/parser/lib/index.js:12160:10)
    at FlowParserMixin.parseFunctionBodyAndFinish (/opt/facebrick/node_modules/@babel/parser/lib/index.js:2930:18)
    at /opt/facebrick/node_modules/@babel/parser/lib/index.js:13521:12
    at FlowParserMixin.withSmartMixTopicForbiddingContext (/opt/facebrick/node_modules/@babel/parser/lib/index.js:12477:14)
    at FlowParserMixin.parseFunction (/opt/facebrick/node_modules/@babel/parser/lib/index.js:13520:10)
    at FlowParserMixin.parseExportDefaultExpression (/opt/facebrick/node_modules/@babel/parser/lib/index.js:13983:19)
    at FlowParserMixin.parseExportDefaultExpression (/opt/facebrick/node_modules/@babel/parser/lib/index.js:2993:18)
    at FlowParserMixin.parseExport (/opt/facebrick/node_modules/@babel/parser/lib/index.js:13904:25)
    at FlowParserMixin.parseStatementContent (/opt/facebrick/node_modules/@babel/parser/lib/index.js:12954:27)
    at FlowParserMixin.parseStatementLike (/opt/facebrick/node_modules/@babel/parser/lib/index.js:12843:17)
    at FlowParserMixin.parseStatementLike (/opt/facebrick/node_modules/@babel/parser/lib/index.js:2945:24)
    at FlowParserMixin.parseModuleItem (/opt/facebrick/node_modules/@babel/parser/lib/index.js:12820:17)
    at FlowParserMixin.parseBlockOrModuleBlockBody (/opt/facebrick/node_modules/@babel/parser/lib/index.js:13392:36)
    at FlowParserMixin.parseBlockBody (/opt/facebrick/node_modules/@babel/parser/lib/index.js:13385:10)
    at FlowParserMixin.parseProgram (/opt/facebrick/node_modules/@babel/parser/lib/index.js:12698:10)
    at FlowParserMixin.parseTopLevel (/opt/facebrick/node_modules/@babel/parser/lib/index.js:12688:25)
    at FlowParserMixin.parseTopLevel (/opt/facebrick/node_modules/@babel/parser/lib/index.js:3714:28)
    at FlowParserMixin.parse (/opt/facebrick/node_modules/@babel/parser/lib/index.js:14568:25)
    at parse (/opt/facebrick/node_modules/@babel/parser/lib/index.js:14602:38)
    at parser (/opt/facebrick/node_modules/@babel/core/lib/parser/index.js:41:34)
    at parser.next (<anonymous>)
    at normalizeFile (/opt/facebrick/node_modules/@babel/core/lib/transformation/normalize-file.js:64:37)
    at normalizeFile.next (<anonymous>)

ERROR in [eslint] 
src/components/NFTpage.js
  Line 66:8:  Parsing error: Missing catch or finally clause. (66:8)

webpack compiled with 2 errors
Compiling...
Compiled with warnings.

[eslint] 
src/components/NFTpage.js
  Line 6:27:    'Building' is defined but never used                                                                                  no-unused-vars
  Line 6:47:    'ShieldCheck' is defined but never used                                                                               no-unused-vars
  Line 6:60:    'TrendingUp' is defined but never used                                                                                no-unused-vars
  Line 6:150:   'DollarSign' is defined but never used                                                                                no-unused-vars
  Line 6:171:   'UserCheck' is defined but never used                                                                                 no-unused-vars
  Line 10:8:    'WalletBalance' is defined but never used                                                                             no-unused-vars
  Line 38:8:    React Hook useEffect has a missing dependency: 'fetchPropertyData'. Either include it or remove the dependency array  react-hooks/exhaustive-deps
  Line 478:19:  'approveReceipt' is assigned a value but never used                                                                   no-unused-vars
  Line 485:19:  'buyReceipt' is assigned a value but never used                                                                       no-unused-vars
  Line 812:45:  <iframe> elements must have a unique title property                                                                   jsx-a11y/iframe-has-title

Search for the keywords to learn more about each warning.
To ignore, add // eslint-disable-next-line to the line before.

WARNING in [eslint] 
src/components/NFTpage.js
  Line 6:27:    'Building' is defined but never used                                                                                  no-unused-vars
  Line 6:47:    'ShieldCheck' is defined but never used                                                                               no-unused-vars
  Line 6:60:    'TrendingUp' is defined but never used                                                                                no-unused-vars
  Line 6:150:   'DollarSign' is defined but never used                                                                                no-unused-vars
  Line 6:171:   'UserCheck' is defined but never used                                                                                 no-unused-vars
  Line 10:8:    'WalletBalance' is defined but never used                                                                             no-unused-vars
  Line 38:8:    React Hook useEffect has a missing dependency: 'fetchPropertyData'. Either include it or remove the dependency array  react-hooks/exhaustive-deps
  Line 478:19:  'approveReceipt' is assigned a value but never used                                                                   no-unused-vars
  Line 485:19:  'buyReceipt' is assigned a value but never used                                                                       no-unused-vars
  Line 812:45:  <iframe> elements must have a unique title property                                                                   jsx-a11y/iframe-has-title

webpack compiled with 1 warning
Compiling...
Failed to compile.

[eslint] 
src/components/Profile.js
  Line 310:46:  'uploadFileToIPFS' is not defined  no-undef

Search for the keywords to learn more about each error.
WARNING in [eslint] 
src/components/NFTpage.js
  Line 6:27:    'Building' is defined but never used                                                                                  no-unused-vars
  Line 6:47:    'ShieldCheck' is defined but never used                                                                               no-unused-vars
  Line 6:60:    'TrendingUp' is defined but never used                                                                                no-unused-vars
  Line 6:150:   'DollarSign' is defined but never used                                                                                no-unused-vars
  Line 6:171:   'UserCheck' is defined but never used                                                                                 no-unused-vars
  Line 10:8:    'WalletBalance' is defined but never used                                                                             no-unused-vars
  Line 38:8:    React Hook useEffect has a missing dependency: 'fetchPropertyData'. Either include it or remove the dependency array  react-hooks/exhaustive-deps
  Line 478:19:  'approveReceipt' is assigned a value but never used                                                                   no-unused-vars
  Line 485:19:  'buyReceipt' is assigned a value but never used                                                                       no-unused-vars
  Line 812:45:  <iframe> elements must have a unique title property                                                                   jsx-a11y/iframe-has-title

src/components/Profile.js
  Line 5:38:   'TrendingUp' is defined but never used                                                                         no-unused-vars
  Line 84:19:  'provider' is assigned a value but never used                                                                  no-unused-vars
  Line 274:8:  React Hook useEffect has a missing dependency: 'getNFTData'. Either include it or remove the dependency array  react-hooks/exhaustive-deps

ERROR in [eslint] 
src/components/Profile.js
  Line 310:46:  'uploadFileToIPFS' is not defined  no-undef

Search for the keywords to learn more about each error.

webpack compiled with 1 error and 1 warning
Compiling...
Compiled with warnings.

[eslint] 
src/components/NFTpage.js
  Line 6:27:    'Building' is defined but never used                                                                                  no-unused-vars
  Line 6:47:    'ShieldCheck' is defined but never used                                                                               no-unused-vars
  Line 6:60:    'TrendingUp' is defined but never used                                                                                no-unused-vars
  Line 6:150:   'DollarSign' is defined but never used                                                                                no-unused-vars
  Line 6:171:   'UserCheck' is defined but never used                                                                                 no-unused-vars
  Line 10:8:    'WalletBalance' is defined but never used                                                                             no-unused-vars
  Line 38:8:    React Hook useEffect has a missing dependency: 'fetchPropertyData'. Either include it or remove the dependency array  react-hooks/exhaustive-deps
  Line 478:19:  'approveReceipt' is assigned a value but never used                                                                   no-unused-vars
  Line 485:19:  'buyReceipt' is assigned a value but never used                                                                       no-unused-vars
  Line 812:45:  <iframe> elements must have a unique title property                                                                   jsx-a11y/iframe-has-title

src/components/Profile.js
  Line 5:38:   'TrendingUp' is defined but never used                                                                         no-unused-vars
  Line 85:19:  'provider' is assigned a value but never used                                                                  no-unused-vars
  Line 275:8:  React Hook useEffect has a missing dependency: 'getNFTData'. Either include it or remove the dependency array  react-hooks/exhaustive-deps

Search for the keywords to learn more about each warning.
To ignore, add // eslint-disable-next-line to the line before.

WARNING in [eslint] 
src/components/NFTpage.js
  Line 6:27:    'Building' is defined but never used                                                                                  no-unused-vars
  Line 6:47:    'ShieldCheck' is defined but never used                                                                               no-unused-vars
  Line 6:60:    'TrendingUp' is defined but never used                                                                                no-unused-vars
  Line 6:150:   'DollarSign' is defined but never used                                                                                no-unused-vars
  Line 6:171:   'UserCheck' is defined but never used                                                                                 no-unused-vars
  Line 10:8:    'WalletBalance' is defined but never used                                                                             no-unused-vars
  Line 38:8:    React Hook useEffect has a missing dependency: 'fetchPropertyData'. Either include it or remove the dependency array  react-hooks/exhaustive-deps
  Line 478:19:  'approveReceipt' is assigned a value but never used                                                                   no-unused-vars
  Line 485:19:  'buyReceipt' is assigned a value but never used                                                                       no-unused-vars
  Line 812:45:  <iframe> elements must have a unique title property                                                                   jsx-a11y/iframe-has-title

src/components/Profile.js
  Line 5:38:   'TrendingUp' is defined but never used                                                                         no-unused-vars
  Line 85:19:  'provider' is assigned a value but never used                                                                  no-unused-vars
  Line 275:8:  React Hook useEffect has a missing dependency: 'getNFTData'. Either include it or remove the dependency array  react-hooks/exhaustive-deps

webpack compiled with 1 warning
Compiling...
Compiled with warnings.

[eslint] 
src/components/NFTpage.js
  Line 6:27:    'Building' is defined but never used                                                                                  no-unused-vars
  Line 6:47:    'ShieldCheck' is defined but never used                                                                               no-unused-vars
  Line 6:60:    'TrendingUp' is defined but never used                                                                                no-unused-vars
  Line 6:150:   'DollarSign' is defined but never used                                                                                no-unused-vars
  Line 6:171:   'UserCheck' is defined but never used                                                                                 no-unused-vars
  Line 10:8:    'WalletBalance' is defined but never used                                                                             no-unused-vars
  Line 38:8:    React Hook useEffect has a missing dependency: 'fetchPropertyData'. Either include it or remove the dependency array  react-hooks/exhaustive-deps
  Line 478:19:  'approveReceipt' is assigned a value but never used                                                                   no-unused-vars
  Line 485:19:  'buyReceipt' is assigned a value but never used                                                                       no-unused-vars
  Line 812:45:  <iframe> elements must have a unique title property                                                                   jsx-a11y/iframe-has-title

src/components/Profile.js
  Line 5:38:   'TrendingUp' is defined but never used                                                                         no-unused-vars
  Line 12:10:  'GetIpfsUrlFromPinata' is defined but never used                                                               no-unused-vars
  Line 86:19:  'provider' is assigned a value but never used                                                                  no-unused-vars
  Line 276:8:  React Hook useEffect has a missing dependency: 'getNFTData'. Either include it or remove the dependency array  react-hooks/exhaustive-deps

Search for the keywords to learn more about each warning.
To ignore, add // eslint-disable-next-line to the line before.

WARNING in [eslint] 
src/components/NFTpage.js
  Line 6:27:    'Building' is defined but never used                                                                                  no-unused-vars
  Line 6:47:    'ShieldCheck' is defined but never used                                                                               no-unused-vars
  Line 6:60:    'TrendingUp' is defined but never used                                                                                no-unused-vars
  Line 6:150:   'DollarSign' is defined but never used                                                                                no-unused-vars
  Line 6:171:   'UserCheck' is defined but never used                                                                                 no-unused-vars
  Line 10:8:    'WalletBalance' is defined but never used                                                                             no-unused-vars
  Line 38:8:    React Hook useEffect has a missing dependency: 'fetchPropertyData'. Either include it or remove the dependency array  react-hooks/exhaustive-deps
  Line 478:19:  'approveReceipt' is assigned a value but never used                                                                   no-unused-vars
  Line 485:19:  'buyReceipt' is assigned a value but never used                                                                       no-unused-vars
  Line 812:45:  <iframe> elements must have a unique title property                                                                   jsx-a11y/iframe-has-title

src/components/Profile.js
  Line 5:38:   'TrendingUp' is defined but never used                                                                         no-unused-vars
  Line 12:10:  'GetIpfsUrlFromPinata' is defined but never used                                                               no-unused-vars
  Line 86:19:  'provider' is assigned a value but never used                                                                  no-unused-vars
  Line 276:8:  React Hook useEffect has a missing dependency: 'getNFTData'. Either include it or remove the dependency array  react-hooks/exhaustive-deps

webpack compiled with 1 warning
Compiling...
Compiled with warnings.

[eslint] 
src/components/NFTpage.js
  Line 6:27:    'Building' is defined but never used                                                                                  no-unused-vars
  Line 6:47:    'ShieldCheck' is defined but never used                                                                               no-unused-vars
  Line 6:60:    'TrendingUp' is defined but never used                                                                                no-unused-vars
  Line 6:150:   'DollarSign' is defined but never used                                                                                no-unused-vars
  Line 6:171:   'UserCheck' is defined but never used                                                                                 no-unused-vars
  Line 10:8:    'WalletBalance' is defined but never used                                                                             no-unused-vars
  Line 38:8:    React Hook useEffect has a missing dependency: 'fetchPropertyData'. Either include it or remove the dependency array  react-hooks/exhaustive-deps
  Line 478:19:  'approveReceipt' is assigned a value but never used                                                                   no-unused-vars
  Line 485:19:  'buyReceipt' is assigned a value but never used                                                                       no-unused-vars
  Line 812:45:  <iframe> elements must have a unique title property                                                                   jsx-a11y/iframe-has-title

src/components/Profile.js
  Line 5:38:   'TrendingUp' is defined but never used                                                                         no-unused-vars
  Line 86:19:  'provider' is assigned a value but never used                                                                  no-unused-vars
  Line 278:8:  React Hook useEffect has a missing dependency: 'getNFTData'. Either include it or remove the dependency array  react-hooks/exhaustive-deps

Search for the keywords to learn more about each warning.
To ignore, add // eslint-disable-next-line to the line before.

WARNING in [eslint] 
src/components/NFTpage.js
  Line 6:27:    'Building' is defined but never used                                                                                  no-unused-vars
  Line 6:47:    'ShieldCheck' is defined but never used                                                                               no-unused-vars
  Line 6:60:    'TrendingUp' is defined but never used                                                                                no-unused-vars
  Line 6:150:   'DollarSign' is defined but never used                                                                                no-unused-vars
  Line 6:171:   'UserCheck' is defined but never used                                                                                 no-unused-vars
  Line 10:8:    'WalletBalance' is defined but never used                                                                             no-unused-vars
  Line 38:8:    React Hook useEffect has a missing dependency: 'fetchPropertyData'. Either include it or remove the dependency array  react-hooks/exhaustive-deps
  Line 478:19:  'approveReceipt' is assigned a value but never used                                                                   no-unused-vars
  Line 485:19:  'buyReceipt' is assigned a value but never used                                                                       no-unused-vars
  Line 812:45:  <iframe> elements must have a unique title property                                                                   jsx-a11y/iframe-has-title

src/components/Profile.js
  Line 5:38:   'TrendingUp' is defined but never used                                                                         no-unused-vars
  Line 86:19:  'provider' is assigned a value but never used                                                                  no-unused-vars
  Line 278:8:  React Hook useEffect has a missing dependency: 'getNFTData'. Either include it or remove the dependency array  react-hooks/exhaustive-deps

webpack compiled with 1 warning

> marketplace3@0.1.0 start
> PORT=3300 react-app-rewired start

Something is already running on port 3300.
Compiling...
Compiled with warnings.

[eslint] 
src/components/NFTpage.js
  Line 6:27:    'Building' is defined but never used                                                                                  no-unused-vars
  Line 6:47:    'ShieldCheck' is defined but never used                                                                               no-unused-vars
  Line 6:60:    'TrendingUp' is defined but never used                                                                                no-unused-vars
  Line 6:150:   'DollarSign' is defined but never used                                                                                no-unused-vars
  Line 6:171:   'UserCheck' is defined but never used                                                                                 no-unused-vars
  Line 10:8:    'WalletBalance' is defined but never used                                                                             no-unused-vars
  Line 38:8:    React Hook useEffect has a missing dependency: 'fetchPropertyData'. Either include it or remove the dependency array  react-hooks/exhaustive-deps
  Line 478:19:  'approveReceipt' is assigned a value but never used                                                                   no-unused-vars
  Line 485:19:  'buyReceipt' is assigned a value but never used                                                                       no-unused-vars
  Line 812:45:  <iframe> elements must have a unique title property                                                                   jsx-a11y/iframe-has-title

src/components/Profile.js
  Line 5:38:   'TrendingUp' is defined but never used                                                                         no-unused-vars
  Line 86:19:  'provider' is assigned a value but never used                                                                  no-unused-vars
  Line 278:8:  React Hook useEffect has a missing dependency: 'getNFTData'. Either include it or remove the dependency array  react-hooks/exhaustive-deps

Search for the keywords to learn more about each warning.
To ignore, add // eslint-disable-next-line to the line before.

WARNING in [eslint] 
src/components/NFTpage.js
  Line 6:27:    'Building' is defined but never used                                                                                  no-unused-vars
  Line 6:47:    'ShieldCheck' is defined but never used                                                                               no-unused-vars
  Line 6:60:    'TrendingUp' is defined but never used                                                                                no-unused-vars
  Line 6:150:   'DollarSign' is defined but never used                                                                                no-unused-vars
  Line 6:171:   'UserCheck' is defined but never used                                                                                 no-unused-vars
  Line 10:8:    'WalletBalance' is defined but never used                                                                             no-unused-vars
  Line 38:8:    React Hook useEffect has a missing dependency: 'fetchPropertyData'. Either include it or remove the dependency array  react-hooks/exhaustive-deps
  Line 478:19:  'approveReceipt' is assigned a value but never used                                                                   no-unused-vars
  Line 485:19:  'buyReceipt' is assigned a value but never used                                                                       no-unused-vars
  Line 812:45:  <iframe> elements must have a unique title property                                                                   jsx-a11y/iframe-has-title

src/components/Profile.js
  Line 5:38:   'TrendingUp' is defined but never used                                                                         no-unused-vars
  Line 86:19:  'provider' is assigned a value but never used                                                                  no-unused-vars
  Line 278:8:  React Hook useEffect has a missing dependency: 'getNFTData'. Either include it or remove the dependency array  react-hooks/exhaustive-deps

webpack compiled with 1 warning
Compiling...
Compiled with warnings.

[eslint] 
src/components/NFTpage.js
  Line 6:27:    'Building' is defined but never used                                                                                  no-unused-vars
  Line 6:47:    'ShieldCheck' is defined but never used                                                                               no-unused-vars
  Line 6:60:    'TrendingUp' is defined but never used                                                                                no-unused-vars
  Line 6:150:   'DollarSign' is defined but never used                                                                                no-unused-vars
  Line 6:171:   'UserCheck' is defined but never used                                                                                 no-unused-vars
  Line 10:8:    'WalletBalance' is defined but never used                                                                             no-unused-vars
  Line 38:8:    React Hook useEffect has a missing dependency: 'fetchPropertyData'. Either include it or remove the dependency array  react-hooks/exhaustive-deps
  Line 478:19:  'approveReceipt' is assigned a value but never used                                                                   no-unused-vars
  Line 485:19:  'buyReceipt' is assigned a value but never used                                                                       no-unused-vars
  Line 812:45:  <iframe> elements must have a unique title property                                                                   jsx-a11y/iframe-has-title

src/components/Profile.js
  Line 5:38:   'TrendingUp' is defined but never used                                                                         no-unused-vars
  Line 86:19:  'provider' is assigned a value but never used                                                                  no-unused-vars
  Line 278:8:  React Hook useEffect has a missing dependency: 'getNFTData'. Either include it or remove the dependency array  react-hooks/exhaustive-deps

Search for the keywords to learn more about each warning.
To ignore, add // eslint-disable-next-line to the line before.

WARNING in [eslint] 
src/components/NFTpage.js
  Line 6:27:    'Building' is defined but never used                                                                                  no-unused-vars
  Line 6:47:    'ShieldCheck' is defined but never used                                                                               no-unused-vars
  Line 6:60:    'TrendingUp' is defined but never used                                                                                no-unused-vars
  Line 6:150:   'DollarSign' is defined but never used                                                                                no-unused-vars
  Line 6:171:   'UserCheck' is defined but never used                                                                                 no-unused-vars
  Line 10:8:    'WalletBalance' is defined but never used                                                                             no-unused-vars
  Line 38:8:    React Hook useEffect has a missing dependency: 'fetchPropertyData'. Either include it or remove the dependency array  react-hooks/exhaustive-deps
  Line 478:19:  'approveReceipt' is assigned a value but never used                                                                   no-unused-vars
  Line 485:19:  'buyReceipt' is assigned a value but never used                                                                       no-unused-vars
  Line 812:45:  <iframe> elements must have a unique title property                                                                   jsx-a11y/iframe-has-title

src/components/Profile.js
  Line 5:38:   'TrendingUp' is defined but never used                                                                         no-unused-vars
  Line 86:19:  'provider' is assigned a value but never used                                                                  no-unused-vars
  Line 278:8:  React Hook useEffect has a missing dependency: 'getNFTData'. Either include it or remove the dependency array  react-hooks/exhaustive-deps

webpack compiled with 1 warning
Compiling...
Compiled with warnings.

[eslint] 
src/components/NFTpage.js
  Line 6:27:    'Building' is defined but never used                                                                                  no-unused-vars
  Line 6:47:    'ShieldCheck' is defined but never used                                                                               no-unused-vars
  Line 6:60:    'TrendingUp' is defined but never used                                                                                no-unused-vars
  Line 6:150:   'DollarSign' is defined but never used                                                                                no-unused-vars
  Line 6:171:   'UserCheck' is defined but never used                                                                                 no-unused-vars
  Line 10:8:    'WalletBalance' is defined but never used                                                                             no-unused-vars
  Line 38:8:    React Hook useEffect has a missing dependency: 'fetchPropertyData'. Either include it or remove the dependency array  react-hooks/exhaustive-deps
  Line 478:19:  'approveReceipt' is assigned a value but never used                                                                   no-unused-vars
  Line 485:19:  'buyReceipt' is assigned a value but never used                                                                       no-unused-vars
  Line 812:45:  <iframe> elements must have a unique title property                                                                   jsx-a11y/iframe-has-title

src/components/Profile.js
  Line 5:38:   'TrendingUp' is defined but never used                                                                         no-unused-vars
  Line 86:19:  'provider' is assigned a value but never used                                                                  no-unused-vars
  Line 278:8:  React Hook useEffect has a missing dependency: 'getNFTData'. Either include it or remove the dependency array  react-hooks/exhaustive-deps

Search for the keywords to learn more about each warning.
To ignore, add // eslint-disable-next-line to the line before.

WARNING in [eslint] 
src/components/NFTpage.js
  Line 6:27:    'Building' is defined but never used                                                                                  no-unused-vars
  Line 6:47:    'ShieldCheck' is defined but never used                                                                               no-unused-vars
  Line 6:60:    'TrendingUp' is defined but never used                                                                                no-unused-vars
  Line 6:150:   'DollarSign' is defined but never used                                                                                no-unused-vars
  Line 6:171:   'UserCheck' is defined but never used                                                                                 no-unused-vars
  Line 10:8:    'WalletBalance' is defined but never used                                                                             no-unused-vars
  Line 38:8:    React Hook useEffect has a missing dependency: 'fetchPropertyData'. Either include it or remove the dependency array  react-hooks/exhaustive-deps
  Line 478:19:  'approveReceipt' is assigned a value but never used                                                                   no-unused-vars
  Line 485:19:  'buyReceipt' is assigned a value but never used                                                                       no-unused-vars
  Line 812:45:  <iframe> elements must have a unique title property                                                                   jsx-a11y/iframe-has-title

src/components/Profile.js
  Line 5:38:   'TrendingUp' is defined but never used                                                                         no-unused-vars
  Line 86:19:  'provider' is assigned a value but never used                                                                  no-unused-vars
  Line 278:8:  React Hook useEffect has a missing dependency: 'getNFTData'. Either include it or remove the dependency array  react-hooks/exhaustive-deps

webpack compiled with 1 warning
Compiling...
Compiled with warnings.

[eslint] 
src/components/NFTpage.js
  Line 6:27:    'Building' is defined but never used                                                                                  no-unused-vars
  Line 6:47:    'ShieldCheck' is defined but never used                                                                               no-unused-vars
  Line 6:60:    'TrendingUp' is defined but never used                                                                                no-unused-vars
  Line 6:150:   'DollarSign' is defined but never used                                                                                no-unused-vars
  Line 6:171:   'UserCheck' is defined but never used                                                                                 no-unused-vars
  Line 10:8:    'WalletBalance' is defined but never used                                                                             no-unused-vars
  Line 38:8:    React Hook useEffect has a missing dependency: 'fetchPropertyData'. Either include it or remove the dependency array  react-hooks/exhaustive-deps
  Line 478:19:  'approveReceipt' is assigned a value but never used                                                                   no-unused-vars
  Line 485:19:  'buyReceipt' is assigned a value but never used                                                                       no-unused-vars
  Line 812:45:  <iframe> elements must have a unique title property                                                                   jsx-a11y/iframe-has-title

src/components/Profile.js
  Line 5:38:   'TrendingUp' is defined but never used                                                                         no-unused-vars
  Line 86:19:  'provider' is assigned a value but never used                                                                  no-unused-vars
  Line 279:8:  React Hook useEffect has a missing dependency: 'getNFTData'. Either include it or remove the dependency array  react-hooks/exhaustive-deps

Search for the keywords to learn more about each warning.
To ignore, add // eslint-disable-next-line to the line before.

WARNING in [eslint] 
src/components/NFTpage.js
  Line 6:27:    'Building' is defined but never used                                                                                  no-unused-vars
  Line 6:47:    'ShieldCheck' is defined but never used                                                                               no-unused-vars
  Line 6:60:    'TrendingUp' is defined but never used                                                                                no-unused-vars
  Line 6:150:   'DollarSign' is defined but never used                                                                                no-unused-vars
  Line 6:171:   'UserCheck' is defined but never used                                                                                 no-unused-vars
  Line 10:8:    'WalletBalance' is defined but never used                                                                             no-unused-vars
  Line 38:8:    React Hook useEffect has a missing dependency: 'fetchPropertyData'. Either include it or remove the dependency array  react-hooks/exhaustive-deps
  Line 478:19:  'approveReceipt' is assigned a value but never used                                                                   no-unused-vars
  Line 485:19:  'buyReceipt' is assigned a value but never used                                                                       no-unused-vars
  Line 812:45:  <iframe> elements must have a unique title property                                                                   jsx-a11y/iframe-has-title

src/components/Profile.js
  Line 5:38:   'TrendingUp' is defined but never used                                                                         no-unused-vars
  Line 86:19:  'provider' is assigned a value but never used                                                                  no-unused-vars
  Line 279:8:  React Hook useEffect has a missing dependency: 'getNFTData'. Either include it or remove the dependency array  react-hooks/exhaustive-deps

webpack compiled with 1 warning
Compiling...
Compiled with warnings.

[eslint] 
src/components/NFTpage.js
  Line 6:27:    'Building' is defined but never used                                                                                  no-unused-vars
  Line 6:47:    'ShieldCheck' is defined but never used                                                                               no-unused-vars
  Line 6:60:    'TrendingUp' is defined but never used                                                                                no-unused-vars
  Line 6:150:   'DollarSign' is defined but never used                                                                                no-unused-vars
  Line 6:171:   'UserCheck' is defined but never used                                                                                 no-unused-vars
  Line 10:8:    'WalletBalance' is defined but never used                                                                             no-unused-vars
  Line 38:8:    React Hook useEffect has a missing dependency: 'fetchPropertyData'. Either include it or remove the dependency array  react-hooks/exhaustive-deps
  Line 478:19:  'approveReceipt' is assigned a value but never used                                                                   no-unused-vars
  Line 485:19:  'buyReceipt' is assigned a value but never used                                                                       no-unused-vars
  Line 812:45:  <iframe> elements must have a unique title property                                                                   jsx-a11y/iframe-has-title

src/components/Profile.js
  Line 5:38:   'TrendingUp' is defined but never used                                                                         no-unused-vars
  Line 86:19:  'provider' is assigned a value but never used                                                                  no-unused-vars
  Line 279:8:  React Hook useEffect has a missing dependency: 'getNFTData'. Either include it or remove the dependency array  react-hooks/exhaustive-deps

Search for the keywords to learn more about each warning.
To ignore, add // eslint-disable-next-line to the line before.

WARNING in [eslint] 
src/components/NFTpage.js
  Line 6:27:    'Building' is defined but never used                                                                                  no-unused-vars
  Line 6:47:    'ShieldCheck' is defined but never used                                                                               no-unused-vars
  Line 6:60:    'TrendingUp' is defined but never used                                                                                no-unused-vars
  Line 6:150:   'DollarSign' is defined but never used                                                                                no-unused-vars
  Line 6:171:   'UserCheck' is defined but never used                                                                                 no-unused-vars
  Line 10:8:    'WalletBalance' is defined but never used                                                                             no-unused-vars
  Line 38:8:    React Hook useEffect has a missing dependency: 'fetchPropertyData'. Either include it or remove the dependency array  react-hooks/exhaustive-deps
  Line 478:19:  'approveReceipt' is assigned a value but never used                                                                   no-unused-vars
  Line 485:19:  'buyReceipt' is assigned a value but never used                                                                       no-unused-vars
  Line 812:45:  <iframe> elements must have a unique title property                                                                   jsx-a11y/iframe-has-title

src/components/Profile.js
  Line 5:38:   'TrendingUp' is defined but never used                                                                         no-unused-vars
  Line 86:19:  'provider' is assigned a value but never used                                                                  no-unused-vars
  Line 279:8:  React Hook useEffect has a missing dependency: 'getNFTData'. Either include it or remove the dependency array  react-hooks/exhaustive-deps

webpack compiled with 1 warning
Compiling...
Compiled with warnings.

[eslint] 
src/components/NFTpage.js
  Line 6:27:    'Building' is defined but never used                                                                                  no-unused-vars
  Line 6:47:    'ShieldCheck' is defined but never used                                                                               no-unused-vars
  Line 6:60:    'TrendingUp' is defined but never used                                                                                no-unused-vars
  Line 6:150:   'DollarSign' is defined but never used                                                                                no-unused-vars
  Line 6:171:   'UserCheck' is defined but never used                                                                                 no-unused-vars
  Line 10:8:    'WalletBalance' is defined but never used                                                                             no-unused-vars
  Line 38:8:    React Hook useEffect has a missing dependency: 'fetchPropertyData'. Either include it or remove the dependency array  react-hooks/exhaustive-deps
  Line 478:19:  'approveReceipt' is assigned a value but never used                                                                   no-unused-vars
  Line 485:19:  'buyReceipt' is assigned a value but never used                                                                       no-unused-vars
  Line 812:45:  <iframe> elements must have a unique title property                                                                   jsx-a11y/iframe-has-title

src/components/Profile.js
  Line 5:38:   'TrendingUp' is defined but never used                                                                         no-unused-vars
  Line 86:19:  'provider' is assigned a value but never used                                                                  no-unused-vars
  Line 279:8:  React Hook useEffect has a missing dependency: 'getNFTData'. Either include it or remove the dependency array  react-hooks/exhaustive-deps

Search for the keywords to learn more about each warning.
To ignore, add // eslint-disable-next-line to the line before.

WARNING in [eslint] 
src/components/NFTpage.js
  Line 6:27:    'Building' is defined but never used                                                                                  no-unused-vars
  Line 6:47:    'ShieldCheck' is defined but never used                                                                               no-unused-vars
  Line 6:60:    'TrendingUp' is defined but never used                                                                                no-unused-vars
  Line 6:150:   'DollarSign' is defined but never used                                                                                no-unused-vars
  Line 6:171:   'UserCheck' is defined but never used                                                                                 no-unused-vars
  Line 10:8:    'WalletBalance' is defined but never used                                                                             no-unused-vars
  Line 38:8:    React Hook useEffect has a missing dependency: 'fetchPropertyData'. Either include it or remove the dependency array  react-hooks/exhaustive-deps
  Line 478:19:  'approveReceipt' is assigned a value but never used                                                                   no-unused-vars
  Line 485:19:  'buyReceipt' is assigned a value but never used                                                                       no-unused-vars
  Line 812:45:  <iframe> elements must have a unique title property                                                                   jsx-a11y/iframe-has-title

src/components/Profile.js
  Line 5:38:   'TrendingUp' is defined but never used                                                                         no-unused-vars
  Line 86:19:  'provider' is assigned a value but never used                                                                  no-unused-vars
  Line 279:8:  React Hook useEffect has a missing dependency: 'getNFTData'. Either include it or remove the dependency array  react-hooks/exhaustive-deps

webpack compiled with 1 warning
Compiling...
Compiled with warnings.

[eslint] 
src/components/NFTpage.js
  Line 6:27:    'Building' is defined but never used                                                                                  no-unused-vars
  Line 6:47:    'ShieldCheck' is defined but never used                                                                               no-unused-vars
  Line 6:60:    'TrendingUp' is defined but never used                                                                                no-unused-vars
  Line 6:150:   'DollarSign' is defined but never used                                                                                no-unused-vars
  Line 6:171:   'UserCheck' is defined but never used                                                                                 no-unused-vars
  Line 10:8:    'WalletBalance' is defined but never used                                                                             no-unused-vars
  Line 38:8:    React Hook useEffect has a missing dependency: 'fetchPropertyData'. Either include it or remove the dependency array  react-hooks/exhaustive-deps
  Line 478:19:  'approveReceipt' is assigned a value but never used                                                                   no-unused-vars
  Line 485:19:  'buyReceipt' is assigned a value but never used                                                                       no-unused-vars
  Line 812:45:  <iframe> elements must have a unique title property                                                                   jsx-a11y/iframe-has-title

src/components/Profile.js
  Line 5:38:   'TrendingUp' is defined but never used                                                                         no-unused-vars
  Line 86:19:  'provider' is assigned a value but never used                                                                  no-unused-vars
  Line 278:8:  React Hook useEffect has a missing dependency: 'getNFTData'. Either include it or remove the dependency array  react-hooks/exhaustive-deps

Search for the keywords to learn more about each warning.
To ignore, add // eslint-disable-next-line to the line before.

WARNING in [eslint] 
src/components/NFTpage.js
  Line 6:27:    'Building' is defined but never used                                                                                  no-unused-vars
  Line 6:47:    'ShieldCheck' is defined but never used                                                                               no-unused-vars
  Line 6:60:    'TrendingUp' is defined but never used                                                                                no-unused-vars
  Line 6:150:   'DollarSign' is defined but never used                                                                                no-unused-vars
  Line 6:171:   'UserCheck' is defined but never used                                                                                 no-unused-vars
  Line 10:8:    'WalletBalance' is defined but never used                                                                             no-unused-vars
  Line 38:8:    React Hook useEffect has a missing dependency: 'fetchPropertyData'. Either include it or remove the dependency array  react-hooks/exhaustive-deps
  Line 478:19:  'approveReceipt' is assigned a value but never used                                                                   no-unused-vars
  Line 485:19:  'buyReceipt' is assigned a value but never used                                                                       no-unused-vars
  Line 812:45:  <iframe> elements must have a unique title property                                                                   jsx-a11y/iframe-has-title

src/components/Profile.js
  Line 5:38:   'TrendingUp' is defined but never used                                                                         no-unused-vars
  Line 86:19:  'provider' is assigned a value but never used                                                                  no-unused-vars
  Line 278:8:  React Hook useEffect has a missing dependency: 'getNFTData'. Either include it or remove the dependency array  react-hooks/exhaustive-deps

webpack compiled with 1 warning
Compiling...
Compiled with warnings.

[eslint] 
src/components/NFTpage.js
  Line 6:27:    'Building' is defined but never used                                                                                  no-unused-vars
  Line 6:47:    'ShieldCheck' is defined but never used                                                                               no-unused-vars
  Line 6:60:    'TrendingUp' is defined but never used                                                                                no-unused-vars
  Line 6:150:   'DollarSign' is defined but never used                                                                                no-unused-vars
  Line 6:171:   'UserCheck' is defined but never used                                                                                 no-unused-vars
  Line 10:8:    'WalletBalance' is defined but never used                                                                             no-unused-vars
  Line 38:8:    React Hook useEffect has a missing dependency: 'fetchPropertyData'. Either include it or remove the dependency array  react-hooks/exhaustive-deps
  Line 478:19:  'approveReceipt' is assigned a value but never used                                                                   no-unused-vars
  Line 485:19:  'buyReceipt' is assigned a value but never used                                                                       no-unused-vars
  Line 812:45:  <iframe> elements must have a unique title property                                                                   jsx-a11y/iframe-has-title

src/components/Profile.js
  Line 5:38:   'TrendingUp' is defined but never used                                                                         no-unused-vars
  Line 86:19:  'provider' is assigned a value but never used                                                                  no-unused-vars
  Line 278:8:  React Hook useEffect has a missing dependency: 'getNFTData'. Either include it or remove the dependency array  react-hooks/exhaustive-deps

Search for the keywords to learn more about each warning.
To ignore, add // eslint-disable-next-line to the line before.

WARNING in [eslint] 
src/components/NFTpage.js
  Line 6:27:    'Building' is defined but never used                                                                                  no-unused-vars
  Line 6:47:    'ShieldCheck' is defined but never used                                                                               no-unused-vars
  Line 6:60:    'TrendingUp' is defined but never used                                                                                no-unused-vars
  Line 6:150:   'DollarSign' is defined but never used                                                                                no-unused-vars
  Line 6:171:   'UserCheck' is defined but never used                                                                                 no-unused-vars
  Line 10:8:    'WalletBalance' is defined but never used                                                                             no-unused-vars
  Line 38:8:    React Hook useEffect has a missing dependency: 'fetchPropertyData'. Either include it or remove the dependency array  react-hooks/exhaustive-deps
  Line 478:19:  'approveReceipt' is assigned a value but never used                                                                   no-unused-vars
  Line 485:19:  'buyReceipt' is assigned a value but never used                                                                       no-unused-vars
  Line 812:45:  <iframe> elements must have a unique title property                                                                   jsx-a11y/iframe-has-title

src/components/Profile.js
  Line 5:38:   'TrendingUp' is defined but never used                                                                         no-unused-vars
  Line 86:19:  'provider' is assigned a value but never used                                                                  no-unused-vars
  Line 278:8:  React Hook useEffect has a missing dependency: 'getNFTData'. Either include it or remove the dependency array  react-hooks/exhaustive-deps

webpack compiled with 1 warning
Compiling...
Compiled with warnings.

[eslint] 
src/components/NFTpage.js
  Line 6:27:    'Building' is defined but never used                                                                                  no-unused-vars
  Line 6:47:    'ShieldCheck' is defined but never used                                                                               no-unused-vars
  Line 6:60:    'TrendingUp' is defined but never used                                                                                no-unused-vars
  Line 6:150:   'DollarSign' is defined but never used                                                                                no-unused-vars
  Line 6:171:   'UserCheck' is defined but never used                                                                                 no-unused-vars
  Line 10:8:    'WalletBalance' is defined but never used                                                                             no-unused-vars
  Line 38:8:    React Hook useEffect has a missing dependency: 'fetchPropertyData'. Either include it or remove the dependency array  react-hooks/exhaustive-deps
  Line 478:19:  'approveReceipt' is assigned a value but never used                                                                   no-unused-vars
  Line 485:19:  'buyReceipt' is assigned a value but never used                                                                       no-unused-vars
  Line 812:45:  <iframe> elements must have a unique title property                                                                   jsx-a11y/iframe-has-title

src/components/Profile.js
  Line 5:38:   'TrendingUp' is defined but never used                                                                         no-unused-vars
  Line 86:19:  'provider' is assigned a value but never used                                                                  no-unused-vars
  Line 278:8:  React Hook useEffect has a missing dependency: 'getNFTData'. Either include it or remove the dependency array  react-hooks/exhaustive-deps

Search for the keywords to learn more about each warning.
To ignore, add // eslint-disable-next-line to the line before.

WARNING in [eslint] 
src/components/NFTpage.js
  Line 6:27:    'Building' is defined but never used                                                                                  no-unused-vars
  Line 6:47:    'ShieldCheck' is defined but never used                                                                               no-unused-vars
  Line 6:60:    'TrendingUp' is defined but never used                                                                                no-unused-vars
  Line 6:150:   'DollarSign' is defined but never used                                                                                no-unused-vars
  Line 6:171:   'UserCheck' is defined but never used                                                                                 no-unused-vars
  Line 10:8:    'WalletBalance' is defined but never used                                                                             no-unused-vars
  Line 38:8:    React Hook useEffect has a missing dependency: 'fetchPropertyData'. Either include it or remove the dependency array  react-hooks/exhaustive-deps
  Line 478:19:  'approveReceipt' is assigned a value but never used                                                                   no-unused-vars
  Line 485:19:  'buyReceipt' is assigned a value but never used                                                                       no-unused-vars
  Line 812:45:  <iframe> elements must have a unique title property                                                                   jsx-a11y/iframe-has-title

src/components/Profile.js
  Line 5:38:   'TrendingUp' is defined but never used                                                                         no-unused-vars
  Line 86:19:  'provider' is assigned a value but never used                                                                  no-unused-vars
  Line 278:8:  React Hook useEffect has a missing dependency: 'getNFTData'. Either include it or remove the dependency array  react-hooks/exhaustive-deps

webpack compiled with 1 warning
Compiling...
Compiled with warnings.

[eslint] 
src/components/NFTpage.js
  Line 6:27:    'Building' is defined but never used                                                                                  no-unused-vars
  Line 6:47:    'ShieldCheck' is defined but never used                                                                               no-unused-vars
  Line 6:60:    'TrendingUp' is defined but never used                                                                                no-unused-vars
  Line 6:150:   'DollarSign' is defined but never used                                                                                no-unused-vars
  Line 6:171:   'UserCheck' is defined but never used                                                                                 no-unused-vars
  Line 10:8:    'WalletBalance' is defined but never used                                                                             no-unused-vars
  Line 38:8:    React Hook useEffect has a missing dependency: 'fetchPropertyData'. Either include it or remove the dependency array  react-hooks/exhaustive-deps
  Line 478:19:  'approveReceipt' is assigned a value but never used                                                                   no-unused-vars
  Line 485:19:  'buyReceipt' is assigned a value but never used                                                                       no-unused-vars
  Line 812:45:  <iframe> elements must have a unique title property                                                                   jsx-a11y/iframe-has-title

src/components/Profile.js
  Line 5:38:   'TrendingUp' is defined but never used                                                                         no-unused-vars
  Line 86:19:  'provider' is assigned a value but never used                                                                  no-unused-vars
  Line 278:8:  React Hook useEffect has a missing dependency: 'getNFTData'. Either include it or remove the dependency array  react-hooks/exhaustive-deps

Search for the keywords to learn more about each warning.
To ignore, add // eslint-disable-next-line to the line before.

WARNING in [eslint] 
src/components/NFTpage.js
  Line 6:27:    'Building' is defined but never used                                                                                  no-unused-vars
  Line 6:47:    'ShieldCheck' is defined but never used                                                                               no-unused-vars
  Line 6:60:    'TrendingUp' is defined but never used                                                                                no-unused-vars
  Line 6:150:   'DollarSign' is defined but never used                                                                                no-unused-vars
  Line 6:171:   'UserCheck' is defined but never used                                                                                 no-unused-vars
  Line 10:8:    'WalletBalance' is defined but never used                                                                             no-unused-vars
  Line 38:8:    React Hook useEffect has a missing dependency: 'fetchPropertyData'. Either include it or remove the dependency array  react-hooks/exhaustive-deps
  Line 478:19:  'approveReceipt' is assigned a value but never used                                                                   no-unused-vars
  Line 485:19:  'buyReceipt' is assigned a value but never used                                                                       no-unused-vars
  Line 812:45:  <iframe> elements must have a unique title property                                                                   jsx-a11y/iframe-has-title

src/components/Profile.js
  Line 5:38:   'TrendingUp' is defined but never used                                                                         no-unused-vars
  Line 86:19:  'provider' is assigned a value but never used                                                                  no-unused-vars
  Line 278:8:  React Hook useEffect has a missing dependency: 'getNFTData'. Either include it or remove the dependency array  react-hooks/exhaustive-deps

webpack compiled with 1 warning
Compiling...
Compiled with warnings.

[eslint] 
src/components/NFTpage.js
  Line 6:27:    'Building' is defined but never used                                                                                  no-unused-vars
  Line 6:47:    'ShieldCheck' is defined but never used                                                                               no-unused-vars
  Line 6:60:    'TrendingUp' is defined but never used                                                                                no-unused-vars
  Line 6:150:   'DollarSign' is defined but never used                                                                                no-unused-vars
  Line 6:171:   'UserCheck' is defined but never used                                                                                 no-unused-vars
  Line 10:8:    'WalletBalance' is defined but never used                                                                             no-unused-vars
  Line 38:8:    React Hook useEffect has a missing dependency: 'fetchPropertyData'. Either include it or remove the dependency array  react-hooks/exhaustive-deps
  Line 478:19:  'approveReceipt' is assigned a value but never used                                                                   no-unused-vars
  Line 485:19:  'buyReceipt' is assigned a value but never used                                                                       no-unused-vars
  Line 812:45:  <iframe> elements must have a unique title property                                                                   jsx-a11y/iframe-has-title

src/components/Profile.js
  Line 5:38:   'TrendingUp' is defined but never used                                                                         no-unused-vars
  Line 86:19:  'provider' is assigned a value but never used                                                                  no-unused-vars
  Line 278:8:  React Hook useEffect has a missing dependency: 'getNFTData'. Either include it or remove the dependency array  react-hooks/exhaustive-deps

Search for the keywords to learn more about each warning.
To ignore, add // eslint-disable-next-line to the line before.

WARNING in [eslint] 
src/components/NFTpage.js
  Line 6:27:    'Building' is defined but never used                                                                                  no-unused-vars
  Line 6:47:    'ShieldCheck' is defined but never used                                                                               no-unused-vars
  Line 6:60:    'TrendingUp' is defined but never used                                                                                no-unused-vars
  Line 6:150:   'DollarSign' is defined but never used                                                                                no-unused-vars
  Line 6:171:   'UserCheck' is defined but never used                                                                                 no-unused-vars
  Line 10:8:    'WalletBalance' is defined but never used                                                                             no-unused-vars
  Line 38:8:    React Hook useEffect has a missing dependency: 'fetchPropertyData'. Either include it or remove the dependency array  react-hooks/exhaustive-deps
  Line 478:19:  'approveReceipt' is assigned a value but never used                                                                   no-unused-vars
  Line 485:19:  'buyReceipt' is assigned a value but never used                                                                       no-unused-vars
  Line 812:45:  <iframe> elements must have a unique title property                                                                   jsx-a11y/iframe-has-title

src/components/Profile.js
  Line 5:38:   'TrendingUp' is defined but never used                                                                         no-unused-vars
  Line 86:19:  'provider' is assigned a value but never used                                                                  no-unused-vars
  Line 278:8:  React Hook useEffect has a missing dependency: 'getNFTData'. Either include it or remove the dependency array  react-hooks/exhaustive-deps

webpack compiled with 1 warning
Compiling...
Compiled with warnings.

[eslint] 
src/components/NFTpage.js
  Line 6:27:    'Building' is defined but never used                                                                                  no-unused-vars
  Line 6:47:    'ShieldCheck' is defined but never used                                                                               no-unused-vars
  Line 6:60:    'TrendingUp' is defined but never used                                                                                no-unused-vars
  Line 6:150:   'DollarSign' is defined but never used                                                                                no-unused-vars
  Line 6:171:   'UserCheck' is defined but never used                                                                                 no-unused-vars
  Line 10:8:    'WalletBalance' is defined but never used                                                                             no-unused-vars
  Line 38:8:    React Hook useEffect has a missing dependency: 'fetchPropertyData'. Either include it or remove the dependency array  react-hooks/exhaustive-deps
  Line 478:19:  'approveReceipt' is assigned a value but never used                                                                   no-unused-vars
  Line 485:19:  'buyReceipt' is assigned a value but never used                                                                       no-unused-vars
  Line 812:45:  <iframe> elements must have a unique title property                                                                   jsx-a11y/iframe-has-title

src/components/Profile.js
  Line 5:38:   'TrendingUp' is defined but never used                                                                         no-unused-vars
  Line 86:19:  'provider' is assigned a value but never used                                                                  no-unused-vars
  Line 278:8:  React Hook useEffect has a missing dependency: 'getNFTData'. Either include it or remove the dependency array  react-hooks/exhaustive-deps

Search for the keywords to learn more about each warning.
To ignore, add // eslint-disable-next-line to the line before.

WARNING in [eslint] 
src/components/NFTpage.js
  Line 6:27:    'Building' is defined but never used                                                                                  no-unused-vars
  Line 6:47:    'ShieldCheck' is defined but never used                                                                               no-unused-vars
  Line 6:60:    'TrendingUp' is defined but never used                                                                                no-unused-vars
  Line 6:150:   'DollarSign' is defined but never used                                                                                no-unused-vars
  Line 6:171:   'UserCheck' is defined but never used                                                                                 no-unused-vars
  Line 10:8:    'WalletBalance' is defined but never used                                                                             no-unused-vars
  Line 38:8:    React Hook useEffect has a missing dependency: 'fetchPropertyData'. Either include it or remove the dependency array  react-hooks/exhaustive-deps
  Line 478:19:  'approveReceipt' is assigned a value but never used                                                                   no-unused-vars
  Line 485:19:  'buyReceipt' is assigned a value but never used                                                                       no-unused-vars
  Line 812:45:  <iframe> elements must have a unique title property                                                                   jsx-a11y/iframe-has-title

src/components/Profile.js
  Line 5:38:   'TrendingUp' is defined but never used                                                                         no-unused-vars
  Line 86:19:  'provider' is assigned a value but never used                                                                  no-unused-vars
  Line 278:8:  React Hook useEffect has a missing dependency: 'getNFTData'. Either include it or remove the dependency array  react-hooks/exhaustive-deps

webpack compiled with 1 warning
Compiling...
Compiled with warnings.

[eslint] 
src/components/Landing.js
  Line 5:10:  'ArrowRight' is defined but never used  no-unused-vars

src/components/NFTpage.js
  Line 6:27:    'Building' is defined but never used                                                                                  no-unused-vars
  Line 6:47:    'ShieldCheck' is defined but never used                                                                               no-unused-vars
  Line 6:60:    'TrendingUp' is defined but never used                                                                                no-unused-vars
  Line 6:150:   'DollarSign' is defined but never used                                                                                no-unused-vars
  Line 6:171:   'UserCheck' is defined but never used                                                                                 no-unused-vars
  Line 10:8:    'WalletBalance' is defined but never used                                                                             no-unused-vars
  Line 38:8:    React Hook useEffect has a missing dependency: 'fetchPropertyData'. Either include it or remove the dependency array  react-hooks/exhaustive-deps
  Line 478:19:  'approveReceipt' is assigned a value but never used                                                                   no-unused-vars
  Line 485:19:  'buyReceipt' is assigned a value but never used                                                                       no-unused-vars
  Line 812:45:  <iframe> elements must have a unique title property                                                                   jsx-a11y/iframe-has-title

src/components/Profile.js
  Line 5:38:   'TrendingUp' is defined but never used                                                                         no-unused-vars
  Line 86:19:  'provider' is assigned a value but never used                                                                  no-unused-vars
  Line 278:8:  React Hook useEffect has a missing dependency: 'getNFTData'. Either include it or remove the dependency array  react-hooks/exhaustive-deps

Search for the keywords to learn more about each warning.
To ignore, add // eslint-disable-next-line to the line before.

WARNING in [eslint] 
src/components/Landing.js
  Line 5:10:  'ArrowRight' is defined but never used  no-unused-vars

src/components/NFTpage.js
  Line 6:27:    'Building' is defined but never used                                                                                  no-unused-vars
  Line 6:47:    'ShieldCheck' is defined but never used                                                                               no-unused-vars
  Line 6:60:    'TrendingUp' is defined but never used                                                                                no-unused-vars
  Line 6:150:   'DollarSign' is defined but never used                                                                                no-unused-vars
  Line 6:171:   'UserCheck' is defined but never used                                                                                 no-unused-vars
  Line 10:8:    'WalletBalance' is defined but never used                                                                             no-unused-vars
  Line 38:8:    React Hook useEffect has a missing dependency: 'fetchPropertyData'. Either include it or remove the dependency array  react-hooks/exhaustive-deps
  Line 478:19:  'approveReceipt' is assigned a value but never used                                                                   no-unused-vars
  Line 485:19:  'buyReceipt' is assigned a value but never used                                                                       no-unused-vars
  Line 812:45:  <iframe> elements must have a unique title property                                                                   jsx-a11y/iframe-has-title

src/components/Profile.js
  Line 5:38:   'TrendingUp' is defined but never used                                                                         no-unused-vars
  Line 86:19:  'provider' is assigned a value but never used                                                                  no-unused-vars
  Line 278:8:  React Hook useEffect has a missing dependency: 'getNFTData'. Either include it or remove the dependency array  react-hooks/exhaustive-deps

webpack compiled with 1 warning
Compiling...
Compiled with warnings.

[eslint] 
src/components/Landing.js
  Line 5:10:  'ArrowRight' is defined but never used  no-unused-vars

src/components/NFTpage.js
  Line 6:27:    'Building' is defined but never used                                                                                  no-unused-vars
  Line 6:47:    'ShieldCheck' is defined but never used                                                                               no-unused-vars
  Line 6:60:    'TrendingUp' is defined but never used                                                                                no-unused-vars
  Line 6:150:   'DollarSign' is defined but never used                                                                                no-unused-vars
  Line 6:171:   'UserCheck' is defined but never used                                                                                 no-unused-vars
  Line 10:8:    'WalletBalance' is defined but never used                                                                             no-unused-vars
  Line 38:8:    React Hook useEffect has a missing dependency: 'fetchPropertyData'. Either include it or remove the dependency array  react-hooks/exhaustive-deps
  Line 478:19:  'approveReceipt' is assigned a value but never used                                                                   no-unused-vars
  Line 485:19:  'buyReceipt' is assigned a value but never used                                                                       no-unused-vars
  Line 812:45:  <iframe> elements must have a unique title property                                                                   jsx-a11y/iframe-has-title

src/components/Profile.js
  Line 5:38:   'TrendingUp' is defined but never used                                                                         no-unused-vars
  Line 86:19:  'provider' is assigned a value but never used                                                                  no-unused-vars
  Line 278:8:  React Hook useEffect has a missing dependency: 'getNFTData'. Either include it or remove the dependency array  react-hooks/exhaustive-deps

Search for the keywords to learn more about each warning.
To ignore, add // eslint-disable-next-line to the line before.

WARNING in [eslint] 
src/components/Landing.js
  Line 5:10:  'ArrowRight' is defined but never used  no-unused-vars

src/components/NFTpage.js
  Line 6:27:    'Building' is defined but never used                                                                                  no-unused-vars
  Line 6:47:    'ShieldCheck' is defined but never used                                                                               no-unused-vars
  Line 6:60:    'TrendingUp' is defined but never used                                                                                no-unused-vars
  Line 6:150:   'DollarSign' is defined but never used                                                                                no-unused-vars
  Line 6:171:   'UserCheck' is defined but never used                                                                                 no-unused-vars
  Line 10:8:    'WalletBalance' is defined but never used                                                                             no-unused-vars
  Line 38:8:    React Hook useEffect has a missing dependency: 'fetchPropertyData'. Either include it or remove the dependency array  react-hooks/exhaustive-deps
  Line 478:19:  'approveReceipt' is assigned a value but never used                                                                   no-unused-vars
  Line 485:19:  'buyReceipt' is assigned a value but never used                                                                       no-unused-vars
  Line 812:45:  <iframe> elements must have a unique title property                                                                   jsx-a11y/iframe-has-title

src/components/Profile.js
  Line 5:38:   'TrendingUp' is defined but never used                                                                         no-unused-vars
  Line 86:19:  'provider' is assigned a value but never used                                                                  no-unused-vars
  Line 278:8:  React Hook useEffect has a missing dependency: 'getNFTData'. Either include it or remove the dependency array  react-hooks/exhaustive-deps

webpack compiled with 1 warning
Compiling...
Compiled with warnings.

[eslint] 
src/components/Landing.js
  Line 5:10:  'ArrowRight' is defined but never used  no-unused-vars

src/components/NFTpage.js
  Line 6:27:    'Building' is defined but never used                                                                                  no-unused-vars
  Line 6:47:    'ShieldCheck' is defined but never used                                                                               no-unused-vars
  Line 6:60:    'TrendingUp' is defined but never used                                                                                no-unused-vars
  Line 6:150:   'DollarSign' is defined but never used                                                                                no-unused-vars
  Line 6:171:   'UserCheck' is defined but never used                                                                                 no-unused-vars
  Line 10:8:    'WalletBalance' is defined but never used                                                                             no-unused-vars
  Line 38:8:    React Hook useEffect has a missing dependency: 'fetchPropertyData'. Either include it or remove the dependency array  react-hooks/exhaustive-deps
  Line 478:19:  'approveReceipt' is assigned a value but never used                                                                   no-unused-vars
  Line 485:19:  'buyReceipt' is assigned a value but never used                                                                       no-unused-vars
  Line 812:45:  <iframe> elements must have a unique title property                                                                   jsx-a11y/iframe-has-title

src/components/Profile.js
  Line 5:38:   'TrendingUp' is defined but never used                                                                         no-unused-vars
  Line 86:19:  'provider' is assigned a value but never used                                                                  no-unused-vars
  Line 278:8:  React Hook useEffect has a missing dependency: 'getNFTData'. Either include it or remove the dependency array  react-hooks/exhaustive-deps

Search for the keywords to learn more about each warning.
To ignore, add // eslint-disable-next-line to the line before.

WARNING in [eslint] 
src/components/Landing.js
  Line 5:10:  'ArrowRight' is defined but never used  no-unused-vars

src/components/NFTpage.js
  Line 6:27:    'Building' is defined but never used                                                                                  no-unused-vars
  Line 6:47:    'ShieldCheck' is defined but never used                                                                               no-unused-vars
  Line 6:60:    'TrendingUp' is defined but never used                                                                                no-unused-vars
  Line 6:150:   'DollarSign' is defined but never used                                                                                no-unused-vars
  Line 6:171:   'UserCheck' is defined but never used                                                                                 no-unused-vars
  Line 10:8:    'WalletBalance' is defined but never used                                                                             no-unused-vars
  Line 38:8:    React Hook useEffect has a missing dependency: 'fetchPropertyData'. Either include it or remove the dependency array  react-hooks/exhaustive-deps
  Line 478:19:  'approveReceipt' is assigned a value but never used                                                                   no-unused-vars
  Line 485:19:  'buyReceipt' is assigned a value but never used                                                                       no-unused-vars
  Line 812:45:  <iframe> elements must have a unique title property                                                                   jsx-a11y/iframe-has-title

src/components/Profile.js
  Line 5:38:   'TrendingUp' is defined but never used                                                                         no-unused-vars
  Line 86:19:  'provider' is assigned a value but never used                                                                  no-unused-vars
  Line 278:8:  React Hook useEffect has a missing dependency: 'getNFTData'. Either include it or remove the dependency array  react-hooks/exhaustive-deps

webpack compiled with 1 warning

> marketplace3@0.1.0 start
> PORT=3300 react-app-rewired start

(node:2837836) [DEP_WEBPACK_DEV_SERVER_ON_AFTER_SETUP_MIDDLEWARE] DeprecationWarning: 'onAfterSetupMiddleware' option is deprecated. Please use the 'setupMiddlewares' option.
(Use `node --trace-deprecation ...` to show where the warning was created)
(node:2837836) [DEP_WEBPACK_DEV_SERVER_ON_BEFORE_SETUP_MIDDLEWARE] DeprecationWarning: 'onBeforeSetupMiddleware' option is deprecated. Please use the 'setupMiddlewares' option.
Starting the development server...

Compiled successfully!

You can now view marketplace3 in the browser.

  http://localhost:3300

Note that the development build is not optimized.
To create a production build, use npm run build.

webpack compiled successfully
